{
  "sections": {
    "main": {
      "type": "main-cart",
      "blocks": {
        "free_shipping": {
          "type": "free_shipping",
          "settings": {
            "minimum_amount": "1000"
          }
        },
        "subtotal": {
          "type": "subtotal",
          "settings": {
          }
        },
        "cart_note": {
          "type": "cart_note",
          "settings": {
            "heading": "Add a note to your order"
          }
        },
        "buttons": {
          "type": "buttons",
          "settings": {
          }
        }
      },
      "block_order": [
        "free_shipping",
        "subtotal",
        "cart_note",
        "buttons"
      ],
      "settings": {
        "heading_size": "tracking-heading",
        "heading_alignment": "md:items-end",
        "heading_tag": "h1",
        "show_vendor": true,
        "show_shipping_calculator": false,
        "padding_top": 176,
        "padding_bottom": 60,
        "divider": false,
        "full_width": false,
        "rounded": false
      }
    },
  },
  "order": [
    "main",
  ]
}