{"sections":{"featured-image-card":{"type":"featured-image-card","blocks":{"kobold-vk7":{"type":"image_box","settings":{"sub_title":"New Kobold VK7s – more powerful than ever","card_btn_title":"Explore All Product","card_btn_url":"\/collections\/all"}},"kobold-evolution":{"type":"image_box","settings":{"sub_title":"The Kobold evolution arrived. Put us to the test","card_btn_title":"Book A Demo","card_btn_url":"\/pages\/contact"}}},"block_order":["kobold-vk7","kobold-evolution"],"settings":{"title":"Kobold VK7s always","title_sub":"clean, <strong>always simple<\/strong>"}},"hero-banner":{"type":"banner-homepage","settings":{"banner_subtitle":"Kobold VK7","main_title_top":"One device.","main_title_bottom":"Endless possibilities","button_text":"Shop Now","button_url":"\/collections\/all"}},"product-slider":{"type":"featured-collection","settings":{"products":["brown-throw-pillows","biodegradable-cardboard-pots","copper-light","cream-sofa","example-t-shirt","wooden-outdoor-slats","knitted-throw-pillows","white-ceramic-pot","yellow-sofa","wooden-outdoor-table"],"product_limit":12,"carousel_on_desktop":true,"heading":"Bring quality product into <em><strong> your home<\/strong><\/em>","heading_size":"h1 tracking-heading","heading_tag":"h2","subheading":"","description":"","button_label":"Explore All Products","button_link":"\/collection\/all","highlighted_text":"text","highlighted_scribble":"","color_text":"","color_background":"#ffffff","gradient_background":"","color_highlight":"#f5a01e","gradient_highlight":"","color_button_text":"","color_button_background":"","color_button_gradient":"","padding_top":80,"padding_bottom":80,"divider":false,"full_width":true,"rounded":false}},"logo-list":{"type":"logo-list","blocks":{"image-1":{"type":"logo","settings":{"height":60,"link":""}},"image-2":{"type":"logo","settings":{"height":60,"link":""}},"image-3":{"type":"logo","settings":{"height":60,"link":""}},"image-4":{"type":"logo","settings":{"height":60,"link":""}}},"block_order":["image-1","image-2","image-3","image-4"],"settings":{"layout":"marquee","grid_horizontal":175,"direction":"left","speed":2,"heading":"Tons of <em><strong>features<\/strong><\/em>","heading_size":"h1 tracking-heading","heading_alignment":"text-center md:items-center","heading_tag":"h2","subheading":"","description":"<p>The Kobold Vk7 replaces more than twenty appliances. Thanks to numerous built-in functions it  can...<\/p>","button_label":"","button_link":"","button_external":false,"button_icon":true,"highlighted_text":"text","highlighted_scribble":"circle","color_text":"","color_background":"#ffffff","gradient_background":"","color_highlight":"#f5a01e","gradient_highlight":"","color_button_text":"","color_button_background":"","color_button_gradient":"","padding_top":80,"padding_bottom":80,"divider":false,"full_width":true,"rounded":false}},"countdown_timer":{"type":"countdown-timer","blocks":{"heading":{"type":"heading","settings":{"heading":"Live product <em>experience<\/em>?","heading_size":"h1","heading_tag":"h2","highlighted_text":"text","highlighted_scribble":"circle"}},"button":{"type":"button","settings":{"button_label":"Book A Free Demo","button_link":"\/pages\/contact\/","button_size":"md","button_external":false,"button_icon":true,"button_secondary_style":false}}},"block_order":["heading","button"],"settings":{"transparent_header":false,"image_height":"650px","content_width":"small","content_position":"md:items-center md:justify-center","text_alignment":"center","image_height_mobile":"auto","content_position_mobile":"items-center justify-center","text_alignment_mobile":"center","color_text":"#ffffff","color_highlight":"#e0a580","gradient_highlight":"","color_button_text":"#171717","color_button_background":"#ffffff","color_button_gradient":"","color_overlay":"#171717","overlay_opacity":70,"padding_top":0,"padding_bottom":0,"divider":false,"full_width":true,"rounded":false,"enable_parallax":true,"parallax_direction":"vertical"}}},"order":["hero-banner","featured-image-card","product-slider","logo-list","countdown_timer"]}