{"type":"footer","name":"t:sections.footer-group.name","sections":{"twocolumn-with-image":{"type":"multicolumn-image","blocks":{"column-1":{"type":"column","settings":{"heading":"","text":"<p>For over 130 years, our products have impressed millions of families with their superior, innovative technology and their proverbial long service life.<\/p>"}},"column-2":{"type":"column","settings":{"heading":"","text":""}}},"block_order":["column-1","column-2"],"settings":{"style":"","columns":2,"button_label":"","button_link":"","button_external":false,"button_icon":true,"color_text":"","color_background":"","gradient_background":"","color_highlight":"","gradient_highlight":"","color_button_text":"","color_button_background":"","color_button_gradient":"","padding_top":80,"padding_bottom":80,"divider":false,"full_width":false,"rounded":false}},"footer":{"type":"footer","blocks":{"logo_social":{"type":"logo_social","settings":{"logo_height":50,"show_social":true,"enable_follow_on_shop":true}},"link_list-1":{"type":"link_list","settings":{"heading":"Get in Touch","menu":"get-in-touch","container_width":35}},"link_list-2":{"type":"link_list","settings":{"heading":"Services","menu":"","container_width":33}},"link_list-3":{"type":"link_list","settings":{"heading":"Information","menu":"","container_width":35}},"link_list_ey8pWJ":{"type":"link_list","settings":{"heading":"Services","menu":"services","container_width":33}},"link_list_jWHRnC":{"type":"link_list","settings":{"heading":"Shopping","menu":"shopping","container_width":33}}},"block_order":["logo_social","link_list-1","link_list-2","link_list-3","link_list_ey8pWJ","link_list_jWHRnC"],"settings":{"invert_newsletter_others":false,"enable_newsletter":true,"newsletter_heading":"Stay informed","newsletter_heading_size":"md:title-lg","newsletter_text":"","newsletter_logo_height":50,"enable_language_selector":true,"enable_country_selector":true,"show_social":true,"enable_follow_on_shop":true,"color_text":"#ffffff","color_background":"#3f4447","gradient_background":"","color_button_text":"#ffffff","color_button_background":"#00ac46","color_button_gradient":"","padding_top":80,"padding_bottom":80,"divider":false,"full_width":false,"rounded":false,"enable_parallax":false}},"footer-copyright":{"type":"footer-copyright","settings":{"menu":"copy-right-menu","enable_language_selector":true,"enable_country_selector":true,"show_policy":true,"show_payment_icons":true,"monochrome_payment_icons":false,"show_copyright":true,"copyright_text":"","color_text":"#ffffff","color_background":"#3f4447","gradient_background":"","divider":true,"full_width":true,"rounded":false,"enable_parallax":false}}},"order":["twocolumn-with-image","footer","footer-copyright"]}