{"type":"header","name":"t:sections.header-group.name","sections":{"header":{"type":"header","settings":{"menu":"main-menu","menu_mobile":"","menu_active":"block","hover_menu":true,"header_layout":"left-center","sticky_header_type":"on-scroll-up","enable_language_selector_desktop":false,"enable_country_selector_desktop":false,"show_country_name_dekstop":false,"show_country_flag_desktop":false,"logo_position_mobile":"center","show_social":true,"enable_language_selector":true,"enable_country_selector":true,"transparent_color_text":"#ffffff","color_text":"#171717","color_background":"#ffffff","padding_top":32,"padding_bottom":32,"full_width":false,"rounded":false}}},"order":["header"]}